{"cameraMode":{"drawMode":0,"name":"Shaded","section":"Shading Mode"},"sceneLighting":true,"audioPlay":false,"sceneViewState":{"showFog":true,"showMaterialUpdate":false,"showSkybox":true,"showFlares":true,"showImageEffects":true,"showParticleSystems":true},"in2DMode":false,"pivot":{"x":2.3843040466308595,"y":4.258342742919922,"z":-6.1373138427734379},"rotation":{"x":0.16508832573890687,"y":-0.2025795876979828,"z":0.0346698984503746,"w":0.9646270871162415},"size":94.75979614257813,"orthographic":false}