{"cameraMode":{"drawMode":0,"name":"Shaded","section":"Shading Mode"},"sceneLighting":false,"audioPlay":false,"sceneViewState":{"showFog":true,"showMaterialUpdate":false,"showSkybox":false,"showFlares":true,"showImageEffects":true,"showParticleSystems":true},"in2DMode":false,"pivot":{"x":-4.699999809265137,"y":22.899999618530275,"z":0.19999998807907105},"rotation":{"x":-0.2555878758430481,"y":0.2228798270225525,"z":-0.06067951023578644,"w":-0.9387850761413574},"size":2.857883930206299,"orthographic":false}