{"cameraMode":{"drawMode":0,"name":"Shaded","section":"Shading Mode"},"sceneLighting":true,"audioPlay":false,"sceneViewState":{"showFog":true,"showMaterialUpdate":false,"showSkybox":true,"showFlares":true,"showImageEffects":true,"showParticleSystems":true},"in2DMode":false,"pivot":{"x":-2.448265314102173,"y":-34.691436767578128,"z":22.18896484375},"rotation":{"x":-0.5220362544059753,"y":0.013302302919328213,"z":-0.008142811246216298,"w":-0.8527807593345642},"size":104.19802856445313,"orthographic":false}